-- phpMyAdmin SQL Dump
-- version 4.0.10
-- http://www.phpmyadmin.net
--
-- Host: localhost
-- Generation Time: Jan 28, 2016 at 11:06 AM
-- Server version: 5.5.47-cll
-- PHP Version: 5.5.17

SET SQL_MODE = "NO_AUTO_VALUE_ON_ZERO";
SET time_zone = "+00:00";


/*!40101 SET @OLD_CHARACTER_SET_CLIENT=@@CHARACTER_SET_CLIENT */;
/*!40101 SET @OLD_CHARACTER_SET_RESULTS=@@CHARACTER_SET_RESULTS */;
/*!40101 SET @OLD_COLLATION_CONNECTION=@@COLLATION_CONNECTION */;
/*!40101 SET NAMES utf8 */;

--
-- Database: `trigmaus_dev6db82`
--

-- --------------------------------------------------------

--
-- Table structure for table `tbl_devices`
--

CREATE TABLE IF NOT EXISTS `tbl_devices` (
  `id` int(11) NOT NULL AUTO_INCREMENT,
  `user_id` int(11) NOT NULL,
  `user_deviceToken` varchar(255) NOT NULL,
  `user_deviceType` varchar(55) NOT NULL,
  PRIMARY KEY (`id`)
) ENGINE=MyISAM  DEFAULT CHARSET=latin1 AUTO_INCREMENT=263 ;

--
-- Dumping data for table `tbl_devices`
--

INSERT INTO `tbl_devices` (`id`, `user_id`, `user_deviceToken`, `user_deviceType`) VALUES
(39, 1, '{AccessToken token:ACCESS_TOKEN_REMOVED permissions:[public_profile, contact_email, email]}', 'android'),
(22, 2, '1uygweu1ryg31', 'android'),
(31, 3, '{AccessToken token:ACCESS_TOKEN_REMOVED permissions:[user_birthday, public_profile, contact_email, email]}', 'android'),
(34, 3, '{AccessToken token:ACCESS_TOKEN_REMOVED permissions:[user_birthday, public_profile, contact_email, publish_actions, email]}', 'android'),
(260, 4, '{AccessToken token:ACCESS_TOKEN_REMOVED permissions:[user_friends, contact_email, email, public_profile, user_birthday, publish_actions]}', 'android'),
(109, 4, '32113132132', 'android'),
(173, 8, '{AccessToken token:ACCESS_TOKEN_REMOVED permissions:[user_birthday, public_profile, contact_email, user_friends, email]}', 'android'),
(193, 8, '{AccessToken token:ACCESS_TOKEN_REMOVED permissions:[user_friends, contact_email, email, public_profile, user_birthday]}', 'android'),
(259, 55, '{AccessToken token:ACCESS_TOKEN_REMOVED permissions:[user_birthday, public_profile, contact_email, publish_actions, user_friends, user_likes, email]}', 'android'),
(212, 55, 'CAAXHivrQSsYBACn2exjKERZA4QRRPi3F4dm2NYd6rdYRYixQa7vtIwu0PWZArMgkZARaEXsrNQUluhSGWzNQewdY997ZA44hhzNdG8qZCn9EVmKAqePMaiW6KVVY7OlZB9d8SkzGCPYhLXTEQ45eqKtQOdi7EACF4pHAorvJjKCLUlQ98cGSp93Ypi6Ou6TboPUgGwr4tVS0l5u5DOOyVk', 'android'),
(213, 55, 'CAAXHivrQSsYBAPUZCtAS2uz5OqAoNGi6SPbgt75OJ58OPkMS4mu88B2L61dxIcp91QLHjyfYJtWH5pkCZBK0DAUL0GpEZB0DVHBN5h7z1hsBAQSbzz4ZBN9WemfEBFojspycZBn1KNZBHgmdFWmDxCvZA77I05ZAhrQIWw2RZAndtQpX9J2dGarChjEEG9Lux3FTZCuJ0sFZAWKsfP49JqaWlzE', 'android'),
(257, 55, '{AccessToken token:ACCESS_TOKEN_REMOVED permissions:[user_likes, user_friends, contact_email, email, public_profile, user_birthday, publish_actions]}', 'android'),
(262, 4, '{AccessToken token:ACCESS_TOKEN_REMOVED permissions:[user_birthday, public_profile, contact_email, publish_actions, user_friends, email]}', 'android');

-- --------------------------------------------------------

--
-- Table structure for table `tbl_feeds`
--

CREATE TABLE IF NOT EXISTS `tbl_feeds` (
  `id` int(11) NOT NULL AUTO_INCREMENT,
  `title` text CHARACTER SET utf8 NOT NULL,
  `description` text CHARACTER SET utf8 NOT NULL,
  `media` varchar(255) CHARACTER SET utf8 NOT NULL,
  `type` tinyint(4) NOT NULL,
  `user_id` int(11) NOT NULL,
  `fb_feed_id` varchar(100) NOT NULL COMMENT 'Feed  id from facebook',
  `fb_share_url` mediumtext NOT NULL,
  `created` datetime NOT NULL,
  `modified` timestamp NOT NULL DEFAULT CURRENT_TIMESTAMP ON UPDATE CURRENT_TIMESTAMP,
  PRIMARY KEY (`id`)
) ENGINE=MyISAM  DEFAULT CHARSET=latin1 AUTO_INCREMENT=239 ;

--
-- Dumping data for table `tbl_feeds`
--

INSERT INTO `tbl_feeds` (`id`, `title`, `description`, `media`, `type`, `user_id`, `fb_feed_id`, `fb_share_url`, `created`, `modified`) VALUES
(1, 'hiiii12345', 'hi12345', 'feed_1453098656.png', 1, 34, '', '', '2016-01-18 14:30:56', '2016-01-18 06:30:56'),
(2, 'Testing1', 'Testing Description1', 'feed_1453097209.png', 1, 0, '', '', '2016-01-18 14:06:49', '2016-01-18 06:06:49'),
(3, 'hiii test', 'test', '', 0, 34, '', 'gdfggdg', '2016-01-07 14:38:05', '2016-01-14 11:05:55'),
(101, 'hhhhhhb', 'iiiiiij', '', 0, 55, '108869362827585', 'https://www.facebook.com/games/?app_id=1626774610922182&fb_object_id=489674417901215', '2016-01-14 20:33:24', '2016-01-14 12:33:35'),
(25, 'hdhddhdud', 'hehddududhddu', '', 0, 34, '', '', '2016-01-07 15:47:01', '2016-01-07 07:47:01'),
(26, 'rrrrrr', 'kjjjjj', '', 0, 34, '', '', '2016-01-07 15:49:27', '2016-01-07 07:49:27'),
(27, 'g', 'j', '', 0, 34, '', '', '2016-01-07 15:53:13', '2016-01-07 07:53:13'),
(28, 'gggg', 'ftttt', '', 0, 23, '', '', '2016-01-07 17:36:19', '2016-01-07 09:36:19'),
(29, 'dddd', 'AS', '', 0, 23, '', '', '2016-01-07 17:41:04', '2016-01-07 09:41:04'),
(30, 'fff', 'ttt', '', 0, 23, '145133722527265', 'https://www.facebook.com/games/?app_id=1626774610922182&fb_object_id=1043199085731973', '2016-01-07 17:50:45', '2016-01-07 09:51:52'),
(31, 'hhhhhh', 'yyyyyy', '', 0, 23, '', '', '2016-01-07 18:58:27', '2016-01-07 10:58:27'),
(32, 'shsjjd', 'dndnndnd', '', 0, 23, '', '', '2016-01-07 19:10:19', '2016-01-07 11:10:19'),
(33, 'uddjdj', 'jcncc', '', 0, 23, '', '', '2016-01-07 19:14:23', '2016-01-07 11:14:23'),
(34, 'gfcc', 'ffcc', '', 0, 23, '', '', '2016-01-07 19:24:01', '2016-01-07 11:24:01'),
(35, 'gggggg', 'kllkkk', '', 0, 23, '', '', '2016-01-07 19:33:14', '2016-01-07 11:33:14'),
(36, 'ytyyyy', 'hhhhh', '', 0, 23, '145214762519161', 'https://www.facebook.com/games/?app_id=1626774610922182&fb_object_id=1549492648711224', '2016-01-07 19:36:44', '2016-01-07 11:37:04'),
(37, 'jfff', 'fff', '', 0, 23, '145260655847905', 'https://www.facebook.com/games/?app_id=1626774610922182&fb_object_id=1014199598642257', '2016-01-07 20:30:13', '2016-01-07 12:30:15'),
(38, 'web', 'web', '', 0, 0, '', '', '0000-00-00 00:00:00', '2016-01-09 00:35:24'),
(39, 'vvv', 'gggg', '', 0, 20, '', '', '2016-01-09 08:48:54', '2016-01-09 00:48:54'),
(40, 'ggbnmm', 'bhhnkn', '', 0, 20, '', '', '2016-01-09 08:54:23', '2016-01-09 00:54:23'),
(41, 'yyyyy', 'kkkkk', '', 0, 23, '', '', '2016-01-11 13:46:32', '2016-01-11 05:46:32'),
(42, 'hhhvbb', 'ghj', '', 0, 55, '104043266643528', 'https://www.facebook.com/games/?app_id=1626774610922182&fb_object_id=933022826752251', '2016-01-11 14:30:29', '2016-01-11 06:30:31'),
(43, 'iiii', 'ppp', '', 0, 55, '104064933308028', 'https://www.facebook.com/games/?app_id=1626774610922182&fb_object_id=963978887017234', '2016-01-11 15:03:56', '2016-01-11 07:03:57'),
(86, 'jjjjj', 'jjkkk', 'feed_1452688653.png', 1, 55, '107222306325624', 'https://www.facebook.com/games/?app_id=1626774610922182&fb_object_id=1660729340850102', '2016-01-13 20:37:55', '2016-01-13 12:38:19'),
(45, 'hh', 'hh', '', 0, 55, '104073296640525', 'https://www.facebook.com/games/?app_id=1626774610922182&fb_object_id=589159881239503', '2016-01-11 15:16:34', '2016-01-11 07:16:35'),
(46, 'hj', 'bk', '', 0, 55, '104075109973677', 'https://www.facebook.com/games/?app_id=1626774610922182&fb_object_id=1049558028398177', '2016-01-11 15:20:20', '2016-01-11 07:20:24'),
(100, 'muk', 'muk', 'feed_media1452774061_.mp4', 2, 2, '', '', '2016-01-14 20:21:02', '2016-01-14 12:21:02'),
(48, 'test', 'testwsdsdad', '', 0, 3, '', '', '2016-01-11 15:34:19', '2016-01-11 07:34:19'),
(49, 'tt', 'ij', '', 0, 55, '104083976639457', 'https://www.facebook.com/games/?app_id=1626774610922182&fb_object_id=1118901994789299', '2016-01-11 15:35:08', '2016-01-11 07:35:09'),
(54, 'test', 'dff', '', 0, 3, '', '', '2016-01-11 15:45:37', '2016-01-11 07:45:37'),
(55, 'uuuuu', 'uuuuu', '', 0, 55, '104102289970959', 'https://www.facebook.com/games/?app_id=1626774610922182&fb_object_id=935187243239062', '2016-01-11 16:07:40', '2016-01-11 08:07:42'),
(61, 'trtrtrtrtrtrrrr', 'trttgggg', '', 0, 55, '104231039958084', 'https://www.facebook.com/games/?app_id=1626774610922182&fb_object_id=418971741626210', '2016-01-11 18:46:55', '2016-01-11 10:46:58'),
(95, 'bbbbbbbbbbbbbb', 'uuuuuuuuuuuuuuuuu', '', 0, 55, '108684022846119', 'https://www.facebook.com/games/?app_id=1626774610922182&fb_object_id=820900914704105', '2016-01-14 17:30:15', '2016-01-14 09:30:26'),
(73, 'y', 'u', '', 0, 55, '105372033177318', 'https://www.facebook.com/games/?app_id=1626774610922182&fb_object_id=566808080133262', '2016-01-12 14:59:55', '2016-01-12 06:59:56'),
(74, 'uuu', 'lll', '', 0, 55, '105549273159594', 'https://www.facebook.com/games/?app_id=1626774610922182&fb_object_id=1975472119345476', '2016-01-12 18:13:17', '2016-01-12 10:13:18'),
(75, 'jsjjs', 'sbshhs', '', 0, 55, '105571466490708', 'https://www.facebook.com/games/?app_id=1626774610922182&fb_object_id=948158905219960', '2015-11-18 18:35:14', '2016-01-21 09:06:16'),
(76, 'yyyyyyyyyy', 'tyyytyyyy', '', 0, 55, '105802673134254', 'https://www.facebook.com/games/?app_id=1626774610922182&fb_object_id=101278946920885', '2016-01-12 21:20:53', '2016-01-12 13:20:53'),
(85, 'ttttt', 'dhdhdjdjd', 'feed_1452686987.png', 1, 55, '107198202994701', 'https://www.facebook.com/games/?app_id=1626774610922182&fb_object_id=1667369143535741', '2016-01-13 20:10:14', '2016-01-13 12:19:10'),
(78, 'hhhhg', 'ghgggg', '', 0, 55, '106863033028218', 'https://www.facebook.com/games/?app_id=1626774610922182&fb_object_id=241986236133219', '2016-01-13 14:36:48', '2016-01-13 06:36:49'),
(80, 'thought that they', 'BBC news and', '', 0, 55, '107119199669268', 'https://www.facebook.com/games/?app_id=1626774610922182&fb_object_id=1719909118239763', '2016-01-13 19:19:54', '2016-01-13 11:20:06'),
(81, '7777777', 'pppppppp', '', 0, 55, '107121486335706', 'https://www.facebook.com/games/?app_id=1626774610922182&fb_object_id=1532182903776654', '2016-01-13 19:22:38', '2016-01-13 11:22:49'),
(82, 'jdjdjsj use it was to be I am', 'if we are the time for your a good time to get the first of a lot of a good time for a good few weeks minutes and to be the other than the', '', 0, 55, '107122386335616', 'https://www.facebook.com/games/?app_id=1626774610922182&fb_object_id=464767567044877', '2016-01-13 19:23:45', '2016-01-13 11:23:55'),
(84, 'referred to the first time yyy', 'the other use it to and we', 'feed_1452685033.png', 1, 55, '107141729667015', 'https://www.facebook.com/games/?app_id=1626774610922182&fb_object_id=673970262744123', '2016-01-13 19:37:33', '2016-01-13 11:38:00'),
(102, 'rffff', 'fccc', 'feed_1452775400.png', 1, 55, '108881736159681', 'https://www.facebook.com/games/?app_id=1626774610922182&fb_object_id=470216316506607', '2016-01-14 20:43:21', '2016-01-14 12:43:33'),
(103, 'hghhhh', 'fgghh', '', 0, 20, '', '', '2016-01-15 00:00:23', '2016-01-14 16:00:23'),
(104, 'fff', 'cfff', '', 0, 20, '', '', '2016-01-15 00:03:05', '2016-01-14 16:03:05'),
(105, 'hgv', 'bbbb', '', 0, 20, '', '', '2016-01-15 00:13:27', '2016-01-14 16:13:27'),
(106, 'hhhh', 'bbbbb', '', 0, 20, '', '', '2016-01-15 00:13:44', '2016-01-14 16:13:44'),
(107, 'bbbbb', 'vbbhjjbb', '', 0, 20, '', '', '2016-01-15 00:13:57', '2016-01-14 16:13:57'),
(108, 'dfff', 'vvvqv', '', 0, 20, '', '', '2016-01-15 00:14:23', '2016-01-14 16:14:23'),
(109, 'vvvvv', 'vvvvvqv', '', 0, 20, '', '', '2016-01-15 00:14:45', '2016-01-14 16:14:45'),
(110, 'ggggg', 'vvvvvv', '', 0, 20, '', '', '2016-01-15 00:14:57', '2016-01-14 16:14:57'),
(111, 'ffgg', 'hhhhhh', '', 0, 20, '', '', '2016-01-15 00:15:29', '2016-01-14 16:15:29'),
(112, 'fgggg', 'gghhhh', '', 0, 20, '', '', '2016-01-15 00:15:52', '2016-01-14 16:15:52'),
(113, 'ttttttttttt', 'hiiiiii hiiiiii juggling jdjdjsj', '', 0, 55, '109992332715288', 'https://www.facebook.com/games/?app_id=1626774610922182&fb_object_id=1544989955827418', '2016-01-15 13:06:40', '2016-01-15 05:06:51'),
(114, 'yyuyy', 'yyyyyy', 'feed_media1452838675_.mp4', 2, 55, '110048172709704', 'https://www.facebook.com/games/?app_id=1626774610922182&fb_object_id=1679815482299784', '2016-01-15 14:17:55', '2016-01-15 06:18:09'),
(115, 'ggggghgghh', 'hdusjdjdjgOgslhslhspuskgskgaoysoysogs', '', 0, 55, '110052536042601', 'https://www.facebook.com/games/?app_id=1626774610922182&fb_object_id=1700997013446055', '2016-01-15 14:22:30', '2016-01-15 06:22:48'),
(116, 'yyy yggg I g 9icyihc Co ugc8ugc8ugcpugxugx86tx75fx7t', 'kyeputwi5ra8tep75rp75e965ep75e97 y e97yep75ep75ep7yep7td96tdp I''m h Rd I''ll m tun I''ll y I''ll', '', 0, 24, '150807858627085', 'https://www.facebook.com/games/?app_id=1626774610922182&fb_object_id=487915928079670', '2016-01-15 17:30:44', '2016-01-15 09:30:52'),
(124, 'I u', 'hfi', '', 0, 8, '', '', '2016-01-15 18:54:02', '2016-01-15 10:54:02'),
(137, 'illness, bym4gw', 'I. yndsutblhtlsbjbtsl', '', 0, 26, '', '', '2016-01-15 21:17:46', '2016-01-15 13:17:46'),
(136, 'utsu4s', '6ts6ts6et', '', 0, 26, '', '', '2016-01-15 21:16:46', '2016-01-15 13:16:46'),
(121, 'hfiydutshtstiw7yd75e it we it digits', '6j6j, but I have a good time to 2 the same time. I have been a', '', 0, 24, '150819435292594', 'https://www.facebook.com/games/?app_id=1626774610922182&fb_object_id=940573936028686', '2016-01-15 17:55:25', '2016-01-15 09:55:32'),
(135, 'h oki gu', 'g my vjg', '', 0, 26, '', '', '2016-01-15 21:13:00', '2016-01-15 13:13:00'),
(134, 'h', 'mhd', '', 0, 26, '', '', '2016-01-15 21:02:20', '2016-01-15 13:02:20'),
(128, 'hhjjjjjjj', 'nnmmmmmmm', '', 0, 55, '', '', '2016-01-15 19:17:04', '2016-01-15 11:17:04'),
(129, 'tttttt', 'yyyyyy', '', 0, 55, '110341252680396', 'https://www.facebook.com/games/?app_id=1626774610922182&fb_object_id=1690550567898591', '2016-01-15 19:20:19', '2016-01-15 11:21:13'),
(130, 'hgggg', 'hhhhh', '', 0, 71, '128765824168799', 'https://www.facebook.com/games/?app_id=1626774610922182&fb_object_id=214498258893797', '2016-01-15 19:33:21', '2016-01-15 11:33:53'),
(131, 'yyyy', 'ggggg', '', 0, 71, '', '', '2016-01-15 19:45:58', '2016-01-15 11:45:58'),
(132, 'ggggg', 'jjjjjjj', '', 0, 71, '', '', '2016-01-15 19:48:25', '2016-01-15 11:48:25'),
(133, 'skkdj', 'svhshs', '', 0, 72, '102484410134053', 'https://www.facebook.com/games/?app_id=1626774610922182&fb_object_id=1668012550145011', '2016-01-15 20:20:39', '2016-01-15 12:20:51'),
(138, 'tgg', 'vhhh', '', 0, 20, '', '', '2016-01-15 22:03:11', '2016-01-15 14:03:11'),
(139, 'cvvv', 'fghh', '', 0, 24, '150991815275356', 'https://www.facebook.com/games/?app_id=1626774610922182&fb_object_id=1126099037401485', '2016-01-15 22:07:53', '2016-01-15 14:08:05'),
(140, 'vbbbbb', 'cvvbbbb', '', 0, 24, '150992851941919', 'https://www.facebook.com/games/?app_id=1626774610922182&fb_object_id=1261940447153253', '2016-01-15 22:10:22', '2016-01-15 14:10:28'),
(141, 'rt', 'tr', '', 0, 1, '', '', '2016-01-16 01:56:16', '2016-01-15 17:56:16'),
(142, '美國強力球中獎', '美國破紀錄16億美元獎金嘅強力球，尋日開彩，邊個中咗就未知 ; \r\n\r\n但江湖傳聞，過去咁多年中頭獎嘅人都不得善終。\r\n\r\n所以就有人拍咗條片模擬中頭獎嘅情況。\r\n\r\n唓，我地n年前都有咁嘅片啦，叫《富貴逼人》……', '', 0, 20, '', '', '2016-01-16 08:32:28', '2016-01-16 00:32:28'),
(143, '幫隻狗請工人', '獨留兒童晌屋企係犯法，咁獨留寵物呢?\r\n\r\n呢個新發明，可以比你返住工遙距同屋企隻狗傾計，\r\n\r\n甚至餵佢食野，it seems like fun !', '', 0, 20, '', '', '2016-01-16 08:36:10', '2016-01-16 00:36:10'),
(144, '當班點狗遇上乳牛', '班點狗唔小心闖入咗乳牛群，結果因為外貌而極速融入社群。', 'feed_1452904723.png', 1, 20, '', '', '2016-01-16 08:38:43', '2016-01-16 00:38:43'),
(145, '石內卜，我曾經好憎你', '憑《哈利波特》電影中，霍格華茲魔法學院「石內卜教授」走紅嘅英國男星Alan Rickman病逝，享年69歲。\r\n\r\n曾經，好多《哈利波特》嘅影迷都好憎石內卜，雖則佛地魔先係大奸角…\r\n\r\n但係故事安排石內卜做佛地魔身邊臥底，加上Alan Rickman演奸角演得入型入格，夠哂乞人憎，所以好多觀眾都超憎佢。', 'feed_1452906273.png', 1, 20, '', '', '2016-01-16 09:04:33', '2016-01-16 01:04:33'),
(147, 'jtk', 'jfkf', '', 0, 72, '106420296407131', 'https://www.facebook.com/games/?app_id=1626774610922182&fb_object_id=569002206596513', '2016-01-18 13:42:50', '2016-01-18 05:43:18'),
(148, 'gggggg', 'ffghj', '', 0, 72, '106428063073021', 'https://www.facebook.com/games/?app_id=1626774610922182&fb_object_id=444296199096486', '2016-01-18 13:55:21', '2016-01-18 05:56:07'),
(149, 'nx', 'jf', 'feed_media1453096993_.mp4', 2, 72, '106443243071503', 'https://www.facebook.com/games/?app_id=1626774610922182&fb_object_id=428503530681880', '2016-01-18 14:03:14', '2016-01-18 06:06:42'),
(150, 'sent via ss', ',exactly off', '', 0, 55, '', '', '2016-01-18 14:46:53', '2016-01-18 06:46:53'),
(151, 'jfdhd', 'hjcjcjcvk', '', 0, 55, '', '', '2016-01-18 14:48:17', '2016-01-18 06:48:17'),
(152, 'yhgg', 'gggy', '', 0, 72, '106525643063263', 'https://www.facebook.com/games/?app_id=1626774610922182&fb_object_id=538410183001472', '2016-01-18 15:18:35', '2016-01-18 07:18:45'),
(153, 'hhhh', 'hyuu', '', 0, 24, '154172378290633', 'https://www.facebook.com/games/?app_id=1626774610922182&fb_object_id=1654901151439983', '2016-01-19 10:55:03', '2016-01-20 07:21:55'),
(194, 'gghh', 'gggg', 'feed_1453480061.png', 1, 4, '180866972269153', 'https://www.facebook.com/games/?app_id=1626774610922182&fb_object_id=1650440508539961', '2016-01-23 00:27:45', '2016-01-22 16:31:36'),
(159, 'Testing1', 'gdfgd', 'feed_media1453281248_.mp4', 2, 2, '', '', '2016-01-20 17:14:08', '2016-01-20 09:14:08'),
(160, 'fsd', 'gdtre', 'feed_media1453281577_.mp4', 2, 1, '', '', '2016-01-20 17:19:37', '2016-01-20 09:19:37'),
(193, 'gghhh', 'ggggv', '', 0, 4, '180850915604092', 'https://www.facebook.com/games/?app_id=1626774610922182&fb_object_id=1689425601304985', '2016-01-22 23:52:12', '2016-01-22 15:52:24'),
(164, 'hcihx', 'x7yc', '', 0, 55, '120422145005640', 'https://www.facebook.com/games/?app_id=1626774610922182&fb_object_id=1817638148463048', '2016-01-20 21:13:43', '2016-01-20 13:14:04'),
(165, 'ffgg', 'ghhh', '', 0, 24, '155684968139374', 'https://www.facebook.com/games/?app_id=1626774610922182&fb_object_id=550420051805753', '2016-01-21 09:15:25', '2016-01-21 01:15:39'),
(166, 'gggv', 'bbbh', '', 0, 24, '155685824805955', 'https://www.facebook.com/games/?app_id=1626774610922182&fb_object_id=1514102275557684', '2016-01-21 09:17:15', '2016-01-21 01:17:24'),
(167, 'kgskg', 'jgsiys', '', 0, 55, '121938681520653', 'https://www.facebook.com/games/?app_id=1626774610922182&fb_object_id=125699654477544', '2016-01-21 13:01:12', '2016-01-21 05:02:21'),
(168, 'dyhd', 'jdjd', '', 0, 77, '', '', '2016-01-21 21:58:22', '2016-01-21 13:58:22'),
(169, 'cyf', 'f75f', '', 0, 77, '', '', '2016-01-21 21:59:03', '2016-01-21 13:59:03'),
(170, 'ggggh', 'hhhhh', '', 0, 24, '156120524762485', 'https://www.facebook.com/games/?app_id=1626774610922182&fb_object_id=1216828044997374', '2016-01-21 22:24:10', '2016-01-21 14:24:21'),
(171, 'lhx', 'mvx', '', 0, 77, '', '', '2016-01-22 15:18:35', '2016-01-22 07:18:35'),
(172, 'sgsg', 'ncjf', '', 0, 77, '', '', '2016-01-22 15:43:52', '2016-01-22 07:43:52'),
(173, '7yggy7yg8y8v', '7c7tct7dt7f', '', 0, 8, '', '', '2016-01-22 15:53:56', '2016-01-22 07:53:56'),
(174, '7yggy7yg8y8v', '7c7tct7dt7f', '', 0, 8, '', '', '2016-01-22 15:54:23', '2016-01-22 07:54:23'),
(175, 'jgjvjvvjjv', 'uyvhhvvhhv', '', 0, 8, '', '', '2016-01-22 17:08:44', '2016-01-22 09:08:44'),
(178, 'vvvv', 'vvvvv', 'feed_media1453463866_.mp4', 2, 8, '', '', '2016-01-22 19:57:46', '2016-01-22 11:57:46'),
(179, 'yyyyyyyy', 'yyyyyyyy', 'feed_media1453464440_.mp4', 2, 55, '', '', '2016-01-22 20:07:20', '2016-01-22 12:07:20'),
(180, 'iy', 'u5', 'feed_media1453464808_.mp4', 2, 55, '', '', '2016-01-22 20:13:28', '2016-01-22 12:13:28'),
(181, 'rjjrrhrh', 'ryyr', '', 0, 55, '124492271265294', 'https://www.facebook.com/games/?app_id=1626774610922182&fb_object_id=1511662479138638', '2016-01-22 20:13:55', '2016-01-22 12:14:07'),
(182, 'kvvkkvkv', 'kcvkkckkvvo', '', 0, 72, '', '', '2016-01-22 20:37:44', '2016-01-22 12:37:44'),
(183, 'kvvkkvkv', 'kcvkkckkvvo', '', 0, 72, '', '', '2016-01-22 20:38:57', '2016-01-22 12:38:57'),
(184, 'gkkgw', 'kgwjag', '', 0, 72, '', '', '2016-01-22 20:39:57', '2016-01-22 12:39:57'),
(185, 'Ije', 'jffn', '', 0, 72, '', '', '2016-01-22 20:42:45', '2016-01-22 12:42:45'),
(186, 'gff', 'vhh', '', 0, 72, '114837832232044', 'https://www.google.com/?fb_object_id=876098475841535', '2016-01-22 20:58:22', '2016-01-22 12:58:32'),
(190, 'gghf', 'ffg', '', 0, 72, '114882132227614', 'https://www.google.com/?fb_object_id=639161826225138', '2016-01-22 21:18:51', '2016-01-22 13:19:37'),
(191, 'bxhx', 'hsh', '', 0, 72, '114884812227346', 'https://www.google.com/?fb_object_id=1020339511356666', '2016-01-22 21:21:38', '2016-01-22 13:21:59'),
(192, 'kkookk', 'kkkkk', '', 0, 72, '114888155560345', 'https://www.facebook.com/games/?app_id=1626774610922182&fb_object_id=447510658787373', '2016-01-22 21:24:42', '2016-01-22 13:24:57'),
(195, 'Fghh', 'Hbhh', '', 0, 4, '181056905583493', 'https://www.facebook.com/games/?app_id=1626774610922182&fb_object_id=933654203379775', '2016-01-23 09:34:49', '2016-01-23 01:35:03'),
(196, 'Flower', 'So beautiful', 'feed_media1453513025_.mp4', 2, 4, '181057368916780', 'https://www.facebook.com/games/?app_id=1626774610922182&fb_object_id=1534282296869343', '2016-01-23 09:37:05', '2016-01-23 01:37:18'),
(197, 'Whisky', 'Haha 《rrha:*mgfgccv:-)', '', 0, 4, '181059195583264', 'https://www.facebook.com/games/?app_id=1626774610922182&fb_object_id=977890982277722', '2016-01-23 09:46:43', '2016-01-23 01:47:08'),
(198, 'nxjfjcjc', 'bxncncncj', 'feed_1453513702.png', 1, 4, '181059525583231', 'https://www.facebook.com/games/?app_id=1626774610922182&fb_object_id=645838385554316', '2016-01-23 09:48:28', '2016-01-23 01:48:44'),
(199, 'hhffhhwe', 'jduegbddhh1', 'feed_1453514111.png', 1, 4, '181062692249581', 'https://www.facebook.com/games/?app_id=1626774610922182&fb_object_id=147121898999108', '2016-01-23 09:55:23', '2016-01-23 01:56:03'),
(200, 'Sky', 'Blue123456789TAT', 'feed_1453515666.png', 1, 4, '', '', '2016-01-23 10:21:14', '2016-01-23 02:21:14'),
(201, '今天天氣預測good', 'jduegbddhh1', 'feed_1453516088.png', 1, 4, '181075575581626', 'https://www.facebook.com/games/?app_id=1626774610922182&fb_object_id=1542339212748198', '2016-01-23 10:21:39', '2016-01-23 02:28:20'),
(202, 'cms created', 'body', '', 0, 4, '', '', '2016-01-23 11:01:44', '2016-01-23 03:01:44'),
(203, 'ffg', 'vgg', '', 0, 4, '181751688847348', 'https://www.facebook.com/games/?app_id=1626774610922182&fb_object_id=567510286741412', '2016-01-24 14:52:32', '2016-01-24 06:52:42'),
(205, 'uhhu', 'hhhhh', '', 0, 72, '119562735092887', 'https://www.facebook.com/games/?app_id=1626774610922182&fb_object_id=1547041248940094', '2016-01-25 13:52:28', '2016-01-25 05:52:45'),
(209, 'jffj', 'jfcb', '', 0, 55, '131092273938627', 'https://www.facebook.com/games/?app_id=1626774610922182&fb_object_id=826609477448285', '2016-01-25 20:32:24', '2016-01-25 12:32:37'),
(208, '7fufhccu', 'jv', '', 0, 55, '130650717316116', 'https://www.facebook.com/games/?app_id=1626774610922182&fb_object_id=1631945367070884', '2016-01-25 15:48:16', '2016-01-25 07:48:26'),
(210, 'gggg', 'gggh', '', 0, 4, '182669975422186', 'https://www.facebook.com/games/?app_id=1626774610922182&fb_object_id=1546662592315461', '2016-01-26 12:11:52', '2016-01-26 04:12:07'),
(211, 'still cold today.........', 'tomorrow wiill be sunshine', '', 0, 4, '', '', '2016-01-26 15:58:18', '2016-01-26 08:01:24'),
(212, 'kung hei fat choi', '$$$$$$$$$', '', 0, 4, '', '', '2016-01-26 16:09:33', '2016-01-26 08:09:33'),
(213, 'day day happy', 'cool', 'feed_1453796466.png', 1, 4, '', '', '2016-01-26 16:12:35', '2016-01-26 08:21:10'),
(214, 'CNY', '', '', 0, 4, '', '', '2016-01-26 16:15:26', '2016-01-26 08:15:26'),
(215, '', 'be kind to us.......☺', '', 0, 4, '', '', '2016-01-26 16:19:22', '2016-01-26 08:19:22'),
(216, 'testing', 'ghghhhjjhbbbb\ngghhhhh\njuytbb\nnvfrguj\nnhgv\nnhgfcd\nhgvbb\nbbbbggh\nyrew', '', 0, 4, '', '', '2016-01-26 16:24:24', '2016-01-26 08:24:24'),
(217, 'dinner', 'hot pot', '', 0, 4, '', '', '2016-01-26 16:26:48', '2016-01-26 08:26:48'),
(218, 'rain again', '又是下雨天!', '', 0, 4, '', '', '2016-01-27 14:03:55', '2016-01-27 06:03:55'),
(219, 'fggh,☺', '哈哈哈就', '', 0, 55, '134991213548733', 'https://www.facebook.com/games/?app_id=1626774610922182&fb_object_id=577180709114110', '2016-01-27 14:46:43', '2016-01-27 06:47:49'),
(220, '郭德纲还有点像 ☺', '促销同意义 。', '', 0, 55, '134992566881931', 'https://www.facebook.com/games/?app_id=1626774610922182&fb_object_id=1543103382667485', '2016-01-27 14:48:42', '2016-01-27 06:49:42'),
(221, '肯定好的话说了解一下载 ☺', 'KDJ凤凰城区分享 ☺', '', 0, 55, '134994253548429', 'https://www.facebook.com/games/?app_id=1626774610922182&fb_object_id=165141283858795', '2016-01-27 14:52:11', '2016-01-27 06:52:29'),
(222, '竟然而是个别说', '的话的话题型号称之为啥让他人 方法你想要地方与凤凰城付出效果好那么市场营销基督教DNS电脑北戴河新华字典很好的活动。 辅导员副方面那边与飞机场不要紧大酒店不要和电脑从预付费据和 h基督教的呢等等 还能如大西洋带回家爷爷BBB不 不过很好的承诺单独活动与嘟嘟的。', '', 0, 55, '135000136881174', 'https://www.facebook.com/games/?app_id=1626774610922182&fb_object_id=481748791997067', '2016-01-27 14:55:27', '2016-01-27 06:56:18'),
(223, '\\u9644\\u8FD1\\u66FE\\u51E0\\u4F55\\u65F6', '\\u559C\\u6B22\\u5F88\\u591A\\u6B21\\u5E8F\\u5217\\u5316', '', 0, 55, '135034570211064', 'https://www.facebook.com/games/?app_id=1626774610922182&fb_object_id=988590424510577', '2016-01-27 15:34:10', '2016-01-27 07:34:23'),
(224, '\\u5206\\u9694\\u7B26\\u6587\\u5E03\\u62C9\\u52A0\\u6CB9\\u263A', '\\u5927\\u65B9\\u5411 \\u4E1C\\u65B9\\u5E7F\\u573A\\uD83D\\uDE0A', '', 0, 55, '135036600210861', 'https://www.facebook.com/games/?app_id=1626774610922182&fb_object_id=503218746553414', '2016-01-27 15:34:58', '2016-01-27 07:35:08'),
(225, '\\u8C46\\u8150\\u5E72', '\\u53D13\\u51FA\\u53D1\\u751F\\u4EA7\\u4E1A\\u4E3B\\u4E49\\u5DE5', '', 0, 55, '135158743531980', 'https://www.facebook.com/games/?app_id=1626774610922182&fb_object_id=1568419320115875', '2016-01-27 17:07:56', '2016-01-27 09:08:11'),
(228, 'abcdefg', 'hijklmnopq.........', '', 0, 4, '', '', '2016-01-27 18:59:58', '2016-01-27 10:59:58'),
(229, '', '✌✌✌', '', 0, 4, '', '', '2016-01-27 19:00:53', '2016-01-27 11:00:53'),
(231, 'hhh', 'hhh', '', 0, 4, '183341712021679', 'https://www.facebook.com/games/?app_id=1626774610922182&fb_object_id=1086626511387884', '2016-01-27 23:30:16', '2016-01-27 15:30:28'),
(233, 'bxhddh', 'hdbdbd', 'feed_1453974676.png', 1, 4, '183709381984912', 'https://www.facebook.com/games/?app_id=1626774610922182&fb_object_id=791348960968969', '2016-01-28 17:51:18', '2016-01-28 10:02:47'),
(234, 'raymond', 'here', '', 0, 4, '183713295317854', 'https://www.facebook.com/games/?app_id=1626774610922182&fb_object_id=1159472264086802', '2016-01-28 18:12:46', '2016-01-28 10:13:01'),
(235, 'jdhd', 'hdhd', 'feed_1453977012.png', 1, 4, '183722065316977', 'https://www.facebook.com/games/?app_id=1626774610922182&fb_object_id=1676603419281024', '2016-01-28 18:30:14', '2016-01-28 10:30:34'),
(236, 'u', 'jf', 'feed_1453977316.png', 1, 4, '183723245316859', 'https://www.facebook.com/games/?app_id=1626774610922182&fb_object_id=437629939773096', '2016-01-28 18:35:19', '2016-01-28 10:35:41'),
(237, 'hhhh', 'hhhhhhhg', 'feed_media1453978433_.mp4', 2, 4, '183728461983004', 'https://www.facebook.com/games/?app_id=1626774610922182&fb_object_id=1510017482635703', '2016-01-28 18:53:53', '2016-01-28 10:56:43'),
(238, 'hhhoooo', 'the first week j', 'feed_media1453978746_.mp4', 2, 4, '183729485316235', 'https://www.facebook.com/games/?app_id=1626774610922182&fb_object_id=1564963177160767', '2016-01-28 18:59:06', '2016-01-28 10:59:35');

-- --------------------------------------------------------

--
-- Table structure for table `tbl_payments`
--

CREATE TABLE IF NOT EXISTS `tbl_payments` (
  `id` int(11) NOT NULL AUTO_INCREMENT,
  `user_id` int(11) NOT NULL,
  `payment` int(11) NOT NULL,
  `created` timestamp NOT NULL DEFAULT CURRENT_TIMESTAMP ON UPDATE CURRENT_TIMESTAMP,
  PRIMARY KEY (`id`)
) ENGINE=MyISAM  DEFAULT CHARSET=latin1 AUTO_INCREMENT=20 ;

--
-- Dumping data for table `tbl_payments`
--

INSERT INTO `tbl_payments` (`id`, `user_id`, `payment`, `created`) VALUES
(1, 2, 200, '2016-01-13 07:00:00'),
(2, 2, 300, '2016-01-13 07:00:00'),
(3, 55, 300, '2016-01-13 07:00:00'),
(19, 4, 0, '2016-01-23 02:24:11'),
(18, 71, 2, '2016-01-21 06:38:52'),
(11, 2, 50, '2016-01-14 06:22:53'),
(10, 55, 45, '2016-01-13 12:48:57'),
(9, 55, 45, '2016-01-13 11:36:21'),
(17, 55, 10, '2016-01-14 06:46:37'),
(15, 55, 80, '2016-01-14 06:40:18');

-- --------------------------------------------------------

--
-- Table structure for table `tbl_paypal`
--

CREATE TABLE IF NOT EXISTS `tbl_paypal` (
  `id` int(11) NOT NULL AUTO_INCREMENT,
  `user_id` int(11) NOT NULL,
  `paypal_email` varchar(100) CHARACTER SET utf8 NOT NULL,
  `created_date` datetime NOT NULL,
  `updated_date` timestamp NOT NULL DEFAULT CURRENT_TIMESTAMP ON UPDATE CURRENT_TIMESTAMP,
  PRIMARY KEY (`id`)
) ENGINE=MyISAM  DEFAULT CHARSET=latin1 AUTO_INCREMENT=31 ;

--
-- Dumping data for table `tbl_paypal`
--

INSERT INTO `tbl_paypal` (`id`, `user_id`, `paypal_email`, `created_date`, `updated_date`) VALUES
(1, 4, 'torres@email.com', '2015-12-21 20:46:25', '2015-12-28 05:29:12'),
(2, 8, 'megha.gupta@trigma.in', '2015-12-28 20:53:58', '2015-12-28 12:53:58'),
(3, 20, 'mary@dddd.com', '2015-12-30 15:35:55', '2015-12-30 07:35:55'),
(4, 2, '3sfsd32@gg.co', '2015-12-28 20:53:58', '2016-01-04 09:41:11'),
(16, 60, '', '2016-01-14 17:17:52', '2016-01-15 00:17:52'),
(30, 24, 'raymond@email.test', '2016-01-21 09:18:42', '2016-01-21 01:18:42'),
(29, 76, 'admin@gmail.com', '2016-01-20 17:35:13', '2016-01-21 00:35:13'),
(25, 69, '', '2016-01-15 00:07:42', '2016-01-15 07:07:42');

-- --------------------------------------------------------

--
-- Table structure for table `tbl_profit`
--

CREATE TABLE IF NOT EXISTS `tbl_profit` (
  `id` int(11) NOT NULL AUTO_INCREMENT,
  `Profit` varchar(255) NOT NULL,
  `Creator` varchar(255) NOT NULL,
  `Sharer` varchar(255) NOT NULL,
  `Adjustment` varchar(255) NOT NULL,
  `Number_of_Sharers` int(11) NOT NULL,
  `Month` tinyint(2) NOT NULL,
  `Year` smallint(4) NOT NULL,
  `Status` tinyint(1) NOT NULL,
  `modified` datetime NOT NULL,
  PRIMARY KEY (`id`)
) ENGINE=MyISAM  DEFAULT CHARSET=latin1 AUTO_INCREMENT=10 ;

--
-- Dumping data for table `tbl_profit`
--

INSERT INTO `tbl_profit` (`id`, `Profit`, `Creator`, `Sharer`, `Adjustment`, `Number_of_Sharers`, `Month`, `Year`, `Status`, `modified`) VALUES
(1, '345.549', '345435', '345', '3453', 5347, 2, 2015, 0, '0000-00-00 00:00:00'),
(2, '0.003', '5', '1', '200', 50, 11, 2015, 0, '0000-00-00 00:00:00'),
(3, '67', '564', '0.4545', '0.34', 45, 12, 2015, 0, '0000-00-00 00:00:00'),
(9, '0.0075', '10', '1', '15', 1, 2, 2016, 0, '0000-00-00 00:00:00'),
(6, '0.0075', '10', '1', '10', 1, 1, 2016, 0, '0000-00-00 00:00:00'),
(8, '147', '147', '147', '147', 147, 6, 2017, 0, '0000-00-00 00:00:00');

-- --------------------------------------------------------

--
-- Table structure for table `tbl_seen`
--

CREATE TABLE IF NOT EXISTS `tbl_seen` (
  `id` int(11) NOT NULL AUTO_INCREMENT,
  `feed_id` int(11) NOT NULL,
  `user_id` int(11) NOT NULL,
  `created` datetime NOT NULL,
  PRIMARY KEY (`id`)
) ENGINE=MyISAM  DEFAULT CHARSET=latin1 AUTO_INCREMENT=507 ;

--
-- Dumping data for table `tbl_seen`
--

INSERT INTO `tbl_seen` (`id`, `feed_id`, `user_id`, `created`) VALUES
(1, 75, 34, '2015-12-24 19:17:00'),
(2, 75, 34, '2015-12-23 19:20:11'),
(3, 75, 34, '2016-01-06 19:23:13'),
(4, 75, 34, '2016-01-06 19:33:06'),
(5, 75, 34, '2015-12-10 19:46:25'),
(6, 75, 34, '2016-01-06 20:42:33'),
(7, 261, 34, '2016-01-06 20:48:17'),
(8, 261, 34, '2016-01-06 20:57:00'),
(9, 261, 34, '2016-01-06 21:02:58'),
(10, 260, 34, '2016-01-06 21:03:34'),
(11, 259, 34, '2016-01-06 21:03:58'),
(12, 262, 34, '2016-01-06 21:04:48'),
(13, 256, 23, '2016-01-06 21:05:32'),
(14, 261, 34, '2016-01-06 21:11:04'),
(15, 263, 34, '2016-01-06 21:34:18'),
(16, 262, 34, '2016-01-06 21:35:04'),
(17, 263, 34, '2016-01-07 13:50:44'),
(18, 263, 34, '2016-01-07 14:24:58'),
(19, 263, 34, '2016-01-07 14:34:12'),
(20, 1, 34, '2016-01-07 14:36:44'),
(21, 2, 4, '2016-01-07 14:37:08'),
(22, 3, 34, '2016-01-07 14:38:23'),
(23, 3, 34, '2016-01-07 14:59:07'),
(24, 3, 34, '2016-01-07 15:43:58'),
(25, 29, 23, '2016-01-07 17:43:39'),
(26, 30, 23, '2016-01-07 17:53:44'),
(27, 30, 23, '2016-01-07 17:55:55'),
(28, 30, 23, '2016-01-07 18:18:14'),
(29, 30, 23, '2016-01-07 18:57:54'),
(30, 33, 23, '2016-01-07 19:16:14'),
(31, 36, 23, '2016-01-07 19:37:53'),
(32, 37, 23, '2016-01-07 20:30:25'),
(33, 37, 23, '2016-01-07 20:33:25'),
(34, 37, 23, '2016-01-07 20:36:14'),
(35, 37, 23, '2016-01-07 20:41:19'),
(36, 37, 23, '2016-01-07 20:48:03'),
(37, 37, 23, '2016-01-07 20:51:35'),
(38, 37, 23, '2016-01-07 20:54:39'),
(39, 37, 23, '2016-01-07 20:56:15'),
(40, 37, 23, '2016-01-07 21:01:58'),
(41, 37, 23, '2016-01-08 12:29:12'),
(42, 40, 20, '2016-01-09 08:54:42'),
(43, 39, 20, '2016-01-09 08:54:58'),
(44, 42, 55, '2016-01-11 14:31:13'),
(45, 42, 55, '2016-01-11 14:39:39'),
(46, 42, 55, '2016-01-11 15:04:10'),
(47, 43, 55, '2016-01-11 15:04:59'),
(199, 95, 55, '2016-01-14 17:31:07'),
(49, 43, 55, '2016-01-11 15:10:19'),
(197, 84, 55, '2016-01-14 16:02:57'),
(51, 43, 55, '2016-01-11 15:13:15'),
(196, 86, 55, '2016-01-14 15:23:31'),
(53, 42, 55, '2016-01-11 15:16:12'),
(54, 45, 55, '2016-01-11 15:18:08'),
(55, 43, 55, '2016-01-11 15:20:03'),
(56, 46, 55, '2016-01-11 15:20:46'),
(57, 45, 55, '2016-01-11 15:23:56'),
(195, 86, 55, '2016-01-14 15:21:39'),
(185, 85, 55, '2016-01-13 20:49:15'),
(184, 86, 55, '2016-01-13 20:49:12'),
(61, 49, 55, '2016-01-11 15:35:16'),
(62, 51, 2, '2016-01-11 15:37:27'),
(63, 49, 55, '2016-01-11 15:38:02'),
(64, 49, 55, '2016-01-11 15:42:47'),
(65, 54, 3, '2016-01-11 15:47:43'),
(66, 49, 55, '2016-01-11 15:47:55'),
(67, 54, 3, '2016-01-11 15:51:38'),
(68, 49, 55, '2016-01-11 15:51:49'),
(183, 78, 55, '2016-01-13 20:49:04'),
(70, 55, 55, '2016-01-11 16:07:51'),
(71, 49, 55, '2016-01-11 17:38:37'),
(72, 55, 55, '2016-01-11 17:55:59'),
(73, 57, 2, '2016-01-11 17:58:24'),
(74, 55, 55, '2016-01-11 17:58:28'),
(75, 55, 55, '2016-01-11 18:04:00'),
(76, 55, 55, '2016-01-11 18:08:38'),
(77, 55, 55, '2016-01-11 18:11:57'),
(78, 55, 55, '2016-01-11 18:37:01'),
(79, 61, 55, '2016-01-11 18:47:15'),
(80, 61, 55, '2016-01-11 18:52:35'),
(81, 61, 55, '2016-01-11 19:06:53'),
(82, 61, 55, '2016-01-11 19:23:45'),
(83, 61, 55, '2016-01-11 19:27:22'),
(84, 61, 55, '2016-01-11 19:40:42'),
(85, 61, 55, '2016-01-11 20:00:19'),
(86, 70, 55, '2016-01-11 20:10:22'),
(87, 70, 55, '2016-01-11 20:13:50'),
(88, 70, 55, '2016-01-11 20:24:55'),
(89, 70, 55, '2016-01-11 20:30:59'),
(90, 70, 55, '2016-01-11 20:33:54'),
(91, 70, 55, '2016-01-11 20:53:46'),
(92, 70, 55, '2016-01-11 20:58:07'),
(93, 45, 55, '2016-01-11 21:03:28'),
(94, 61, 55, '2016-01-11 21:17:49'),
(95, 61, 55, '2016-01-11 21:41:59'),
(194, 86, 55, '2016-01-14 15:16:08'),
(193, 86, 55, '2016-01-14 15:03:55'),
(192, 86, 55, '2016-01-14 15:00:16'),
(191, 86, 55, '2016-01-14 14:57:55'),
(190, 86, 55, '2016-01-14 14:54:53'),
(189, 86, 55, '2016-01-14 14:52:02'),
(188, 85, 55, '2016-01-14 14:51:59'),
(187, 78, 55, '2016-01-13 21:07:01'),
(104, 73, 55, '2016-01-12 15:00:03'),
(105, 73, 55, '2016-01-12 15:28:29'),
(106, 73, 55, '2016-01-12 15:32:00'),
(107, 73, 55, '2016-01-12 15:44:36'),
(108, 73, 55, '2016-01-12 18:06:08'),
(109, 73, 55, '2016-01-12 18:10:06'),
(110, 74, 55, '2016-01-12 18:13:23'),
(111, 74, 55, '2016-01-12 18:37:32'),
(112, 74, 55, '2016-01-12 18:39:03'),
(113, 74, 55, '2016-01-12 18:48:47'),
(114, 75, 55, '2016-01-12 18:52:04'),
(115, 75, 55, '2016-01-12 18:53:47'),
(116, 75, 55, '2016-01-12 18:55:22'),
(117, 75, 55, '2016-01-12 19:00:35'),
(118, 75, 55, '2016-01-12 19:02:17'),
(119, 75, 55, '2016-01-12 19:14:27'),
(120, 74, 55, '2016-01-12 19:22:38'),
(121, 74, 55, '2016-01-12 19:26:53'),
(122, 74, 55, '2016-01-12 19:32:59'),
(123, 74, 55, '2016-01-12 19:36:00'),
(124, 74, 55, '2016-01-12 19:41:17'),
(125, 74, 55, '2016-01-12 19:55:57'),
(126, 74, 55, '2016-01-12 20:03:15'),
(127, 73, 55, '2016-01-12 20:03:51'),
(128, 74, 55, '2016-01-12 20:08:12'),
(129, 74, 55, '2016-01-12 20:30:10'),
(130, 74, 55, '2016-01-12 20:36:52'),
(131, 74, 55, '2016-01-12 20:46:38'),
(132, 74, 55, '2016-01-12 20:52:39'),
(133, 74, 55, '2016-01-12 20:56:36'),
(134, 74, 55, '2016-01-12 21:01:08'),
(135, 74, 55, '2016-01-12 21:04:13'),
(136, 74, 55, '2016-01-12 21:06:45'),
(137, 74, 55, '2016-01-12 21:13:32'),
(138, 74, 55, '2016-01-12 21:16:37'),
(139, 76, 55, '2016-01-12 21:20:59'),
(206, 95, 55, '2016-01-14 18:50:11'),
(141, 74, 55, '2016-01-12 21:28:37'),
(142, 74, 55, '2016-01-12 21:30:25'),
(143, 76, 55, '2016-01-12 21:32:55'),
(205, 81, 55, '2016-01-14 18:41:26'),
(204, 95, 55, '2016-01-14 18:39:48'),
(203, 95, 55, '2016-01-14 18:35:07'),
(202, 95, 55, '2016-01-14 18:32:24'),
(201, 95, 55, '2016-01-14 18:19:07'),
(200, 95, 55, '2016-01-14 18:15:09'),
(182, 84, 55, '2016-01-13 19:49:51'),
(151, 78, 55, '2016-01-13 14:36:56'),
(152, 78, 55, '2016-01-13 14:40:36'),
(153, 78, 55, '2016-01-13 14:57:48'),
(154, 78, 55, '2016-01-13 14:59:50'),
(155, 78, 55, '2016-01-13 15:03:15'),
(156, 78, 55, '2016-01-13 15:08:16'),
(157, 78, 55, '2016-01-13 15:12:20'),
(158, 78, 55, '2016-01-13 15:17:24'),
(159, 78, 55, '2016-01-13 15:32:20'),
(160, 78, 55, '2016-01-13 15:34:37'),
(161, 78, 55, '2016-01-13 15:37:32'),
(162, 78, 55, '2016-01-13 15:42:59'),
(163, 78, 55, '2016-01-13 15:45:38'),
(164, 78, 55, '2016-01-13 15:49:19'),
(165, 78, 55, '2016-01-13 17:28:58'),
(166, 78, 55, '2016-01-13 17:31:34'),
(167, 78, 55, '2016-01-13 17:33:08'),
(168, 78, 55, '2016-01-13 17:35:10'),
(169, 78, 55, '2016-01-13 17:38:45'),
(170, 78, 55, '2016-01-13 17:41:54'),
(171, 78, 55, '2016-01-13 17:44:43'),
(172, 78, 55, '2016-01-13 17:53:50'),
(173, 78, 55, '2016-01-13 18:01:50'),
(174, 78, 55, '2016-01-13 18:06:16'),
(175, 78, 55, '2016-01-13 18:09:14'),
(176, 78, 55, '2016-01-13 18:13:53'),
(177, 78, 55, '2016-01-13 19:13:01'),
(179, 80, 55, '2016-01-13 19:20:10'),
(180, 81, 55, '2016-01-13 19:22:54'),
(207, 95, 55, '2016-01-14 18:54:21'),
(208, 95, 55, '2016-01-14 19:09:42'),
(209, 95, 55, '2016-01-14 19:27:20'),
(210, 95, 55, '2016-01-14 19:34:36'),
(211, 95, 55, '2016-01-14 19:39:33'),
(212, 95, 55, '2016-01-14 19:44:34'),
(215, 95, 55, '2016-01-14 20:16:39'),
(214, 95, 55, '2016-01-14 19:57:54'),
(216, 95, 55, '2016-01-14 20:31:41'),
(217, 101, 55, '2016-01-14 20:33:40'),
(218, 101, 55, '2016-01-14 20:37:20'),
(219, 101, 55, '2016-01-14 20:40:56'),
(220, 101, 55, '2016-01-14 20:42:45'),
(221, 102, 55, '2016-01-14 20:43:39'),
(222, 102, 55, '2016-01-14 20:49:13'),
(223, 102, 55, '2016-01-14 20:53:15'),
(224, 102, 55, '2016-01-14 20:56:04'),
(225, 102, 55, '2016-01-14 21:00:45'),
(226, 102, 55, '2016-01-14 21:02:43'),
(227, 102, 55, '2016-01-14 21:04:14'),
(228, 102, 55, '2016-01-14 21:07:16'),
(229, 102, 55, '2016-01-14 21:12:29'),
(230, 102, 55, '2016-01-14 21:14:20'),
(231, 102, 55, '2016-01-14 21:20:22'),
(232, 103, 20, '2016-01-15 00:00:38'),
(233, 102, 55, '2016-01-15 00:01:12'),
(234, 104, 20, '2016-01-15 00:03:18'),
(235, 104, 20, '2016-01-15 00:05:23'),
(236, 108, 20, '2016-01-15 00:14:32'),
(237, 95, 55, '2016-01-15 00:17:47'),
(238, 112, 20, '2016-01-15 00:18:09'),
(239, 102, 55, '2016-01-15 00:18:17'),
(240, 95, 55, '2016-01-15 00:19:37'),
(241, 95, 55, '2016-01-15 00:21:14'),
(242, 112, 20, '2016-01-15 00:24:47'),
(243, 112, 20, '2016-01-15 12:53:36'),
(244, 95, 55, '2016-01-15 12:54:01'),
(245, 95, 55, '2016-01-15 12:57:13'),
(246, 95, 55, '2016-01-15 13:00:14'),
(247, 95, 55, '2016-01-15 13:02:25'),
(248, 113, 55, '2016-01-15 13:06:56'),
(249, 113, 55, '2016-01-15 13:09:18'),
(250, 112, 20, '2016-01-15 13:32:52'),
(251, 113, 55, '2016-01-15 13:41:18'),
(252, 113, 55, '2016-01-15 13:43:17'),
(253, 113, 55, '2016-01-15 13:50:10'),
(254, 113, 55, '2016-01-15 13:52:10'),
(255, 112, 20, '2016-01-15 13:56:48'),
(256, 113, 55, '2016-01-15 13:58:12'),
(257, 113, 55, '2016-01-15 14:01:18'),
(258, 113, 55, '2016-01-15 14:06:41'),
(259, 113, 55, '2016-01-15 14:11:00'),
(260, 113, 55, '2016-01-15 14:14:46'),
(261, 114, 55, '2016-01-15 14:19:26'),
(262, 115, 55, '2016-01-15 14:22:55'),
(263, 115, 55, '2016-01-15 15:03:05'),
(264, 115, 55, '2016-01-15 15:05:20'),
(265, 115, 55, '2016-01-15 15:08:56'),
(266, 115, 55, '2016-01-15 15:13:46'),
(267, 115, 55, '2016-01-15 15:16:13'),
(268, 112, 20, '2016-01-15 15:19:01'),
(269, 115, 55, '2016-01-15 15:23:10'),
(270, 115, 55, '2016-01-15 15:27:31'),
(271, 115, 55, '2016-01-15 15:29:21'),
(272, 115, 55, '2016-01-15 15:33:05'),
(273, 115, 55, '2016-01-15 15:42:06'),
(274, 115, 55, '2016-01-15 15:46:06'),
(275, 115, 55, '2016-01-15 17:09:45'),
(276, 113, 55, '2016-01-15 17:10:26'),
(277, 95, 55, '2016-01-15 17:11:08'),
(278, 115, 55, '2016-01-15 17:28:34'),
(279, 116, 24, '2016-01-15 17:30:59'),
(280, 115, 55, '2016-01-15 17:31:21'),
(281, 115, 55, '2016-01-15 17:33:25'),
(282, 116, 24, '2016-01-15 17:35:32'),
(283, 115, 55, '2016-01-15 17:38:11'),
(284, 114, 55, '2016-01-15 17:48:20'),
(285, 113, 55, '2016-01-15 17:55:07'),
(286, 121, 24, '2016-01-15 17:57:03'),
(287, 121, 24, '2016-01-15 18:02:00'),
(288, 121, 24, '2016-01-15 18:07:34'),
(289, 116, 24, '2016-01-15 18:08:06'),
(290, 115, 55, '2016-01-15 18:08:50'),
(291, 122, 70, '2016-01-15 18:29:02'),
(292, 123, 26, '2016-01-15 18:30:12'),
(293, 124, 8, '2016-01-15 18:54:37'),
(294, 124, 8, '2016-01-15 18:56:41'),
(295, 126, 26, '2016-01-15 19:11:07'),
(296, 127, 26, '2016-01-15 19:16:39'),
(297, 128, 55, '2016-01-15 19:19:02'),
(298, 129, 55, '2016-01-15 19:22:03'),
(299, 129, 55, '2016-01-15 19:24:09'),
(300, 130, 71, '2016-01-15 19:34:10'),
(301, 130, 71, '2016-01-15 19:39:40'),
(302, 130, 71, '2016-01-15 19:41:40'),
(303, 130, 71, '2016-01-15 19:43:48'),
(304, 132, 71, '2016-01-15 19:56:18'),
(305, 132, 71, '2016-01-15 20:02:10'),
(306, 132, 71, '2016-01-15 20:04:09'),
(307, 132, 71, '2016-01-15 20:05:52'),
(308, 128, 55, '2016-01-15 20:06:00'),
(309, 101, 55, '2016-01-15 20:07:02'),
(310, 133, 72, '2016-01-15 20:20:57'),
(311, 133, 72, '2016-01-15 20:26:02'),
(312, 129, 55, '2016-01-15 20:27:59'),
(313, 133, 72, '2016-01-15 20:28:29'),
(314, 131, 71, '2016-01-15 20:31:17'),
(315, 133, 72, '2016-01-15 20:31:26'),
(316, 131, 71, '2016-01-15 20:41:38'),
(317, 133, 72, '2016-01-15 20:46:19'),
(318, 133, 72, '2016-01-15 20:49:02'),
(319, 133, 72, '2016-01-15 20:51:40'),
(320, 133, 72, '2016-01-15 20:55:33'),
(321, 127, 26, '2016-01-15 21:01:02'),
(322, 134, 26, '2016-01-15 21:02:43'),
(323, 135, 26, '2016-01-15 21:13:20'),
(324, 138, 20, '2016-01-15 22:03:23'),
(325, 137, 26, '2016-01-15 22:03:36'),
(326, 136, 26, '2016-01-15 22:03:52'),
(327, 139, 24, '2016-01-15 22:08:10'),
(328, 138, 20, '2016-01-15 22:08:40'),
(329, 139, 24, '2016-01-15 22:14:02'),
(330, 142, 20, '2016-01-16 08:34:54'),
(331, 145, 20, '2016-01-16 09:05:22'),
(332, 145, 20, '2016-01-16 09:22:32'),
(333, 145, 20, '2016-01-16 09:26:39'),
(334, 145, 20, '2016-01-16 09:28:32'),
(335, 145, 20, '2016-01-16 12:25:55'),
(336, 144, 20, '2016-01-16 12:26:11'),
(337, 145, 20, '2016-01-16 12:45:11'),
(341, 149, 72, '2016-01-18 14:41:34'),
(340, 149, 72, '2016-01-18 14:22:23'),
(342, 149, 72, '2016-01-18 14:44:35'),
(343, 149, 72, '2016-01-18 14:46:08'),
(344, 150, 55, '2016-01-18 14:47:24'),
(345, 151, 55, '2016-01-18 14:48:33'),
(346, 149, 72, '2016-01-18 14:49:06'),
(347, 151, 55, '2016-01-18 14:56:30'),
(348, 152, 72, '2016-01-18 15:18:50'),
(349, 152, 72, '2016-01-18 15:24:33'),
(350, 152, 72, '2016-01-18 18:18:24'),
(351, 152, 72, '2016-01-18 18:21:26'),
(352, 151, 55, '2016-01-18 18:22:58'),
(353, 152, 72, '2016-01-18 18:27:04'),
(354, 151, 55, '2016-01-18 18:27:08'),
(355, 152, 72, '2016-01-18 18:58:46'),
(356, 152, 72, '2016-01-18 19:18:41'),
(357, 152, 72, '2016-01-18 19:20:48'),
(358, 152, 72, '2016-01-18 19:23:08'),
(359, 152, 72, '2016-01-18 22:03:36'),
(360, 153, 24, '2016-01-19 19:08:16'),
(361, 153, 24, '2016-01-19 19:12:27'),
(362, 153, 24, '2016-01-19 19:17:32'),
(363, 153, 24, '2016-01-19 19:29:17'),
(364, 153, 24, '2016-01-19 21:26:33'),
(365, 153, 24, '2016-01-19 21:29:13'),
(366, 164, 55, '2016-01-20 21:14:11'),
(367, 164, 55, '2016-01-21 09:14:24'),
(368, 165, 24, '2016-01-21 09:15:44'),
(369, 164, 55, '2016-01-21 09:16:23'),
(370, 165, 24, '2016-01-21 09:17:29'),
(371, 166, 24, '2016-01-21 09:17:34'),
(372, 165, 24, '2016-01-21 09:28:40'),
(373, 165, 24, '2016-01-21 13:43:03'),
(374, 165, 24, '2016-01-21 14:00:37'),
(375, 167, 55, '2016-01-21 14:09:42'),
(376, 167, 55, '2016-01-21 14:36:41'),
(377, 167, 55, '2016-01-21 14:38:14'),
(378, 167, 55, '2016-01-21 14:40:06'),
(379, 167, 55, '2016-01-21 14:42:10'),
(380, 167, 55, '2016-01-21 14:53:48'),
(381, 167, 55, '2016-01-21 14:55:23'),
(382, 167, 55, '2016-01-21 15:13:16'),
(383, 167, 55, '2016-01-21 15:20:28'),
(384, 167, 55, '2016-01-21 15:22:18'),
(385, 167, 55, '2016-01-21 15:25:58'),
(386, 167, 55, '2016-01-21 15:33:34'),
(387, 167, 55, '2016-01-21 15:39:49'),
(388, 167, 55, '2016-01-21 15:42:55'),
(389, 167, 55, '2016-01-21 15:45:17'),
(390, 166, 24, '2016-01-21 22:15:22'),
(391, 170, 24, '2016-01-21 22:26:28'),
(392, 170, 24, '2016-01-21 23:44:20'),
(393, 169, 77, '2016-01-21 23:44:28'),
(394, 165, 24, '2016-01-21 23:44:39'),
(395, 167, 55, '2016-01-21 23:44:49'),
(396, 168, 77, '2016-01-21 23:46:30'),
(397, 170, 24, '2016-01-22 14:52:29'),
(398, 170, 24, '2016-01-22 14:58:12'),
(399, 169, 77, '2016-01-22 14:58:33'),
(400, 171, 77, '2016-01-22 15:18:52'),
(401, 171, 77, '2016-01-22 15:25:48'),
(402, 171, 77, '2016-01-22 15:27:56'),
(403, 174, 8, '2016-01-22 15:55:34'),
(404, 174, 8, '2016-01-22 15:57:14'),
(405, 173, 8, '2016-01-22 15:57:32'),
(406, 173, 8, '2016-01-22 17:19:59'),
(407, 171, 77, '2016-01-22 20:15:03'),
(408, 192, 72, '2016-01-22 21:32:47'),
(409, 192, 72, '2016-01-22 23:37:50'),
(410, 193, 4, '2016-01-22 23:52:28'),
(411, 192, 72, '2016-01-22 23:55:00'),
(412, 194, 4, '2016-01-23 00:31:42'),
(413, 193, 4, '2016-01-23 09:38:49'),
(414, 198, 4, '2016-01-23 09:49:10'),
(415, 197, 4, '2016-01-23 09:49:15'),
(416, 196, 4, '2016-01-23 09:50:49'),
(417, 196, 4, '2016-01-23 09:52:25'),
(418, 199, 4, '2016-01-23 09:56:16'),
(419, 198, 4, '2016-01-23 09:57:32'),
(420, 199, 4, '2016-01-23 09:59:20'),
(421, 196, 4, '2016-01-23 10:00:55'),
(422, 197, 4, '2016-01-23 10:01:25'),
(423, 194, 4, '2016-01-23 10:01:44'),
(424, 192, 72, '2016-01-23 10:01:59'),
(425, 191, 72, '2016-01-23 10:02:10'),
(426, 199, 4, '2016-01-23 10:02:32'),
(427, 196, 4, '2016-01-23 10:04:14'),
(428, 199, 4, '2016-01-23 10:04:56'),
(429, 196, 4, '2016-01-23 10:16:14'),
(430, 201, 4, '2016-01-23 10:27:41'),
(431, 201, 4, '2016-01-23 10:29:17'),
(432, 201, 4, '2016-01-23 11:37:00'),
(433, 202, 4, '2016-01-23 11:38:24'),
(434, 196, 4, '2016-01-24 07:52:30'),
(435, 202, 4, '2016-01-24 09:47:23'),
(436, 205, 72, '2016-01-25 13:52:58'),
(437, 205, 72, '2016-01-25 14:14:59'),
(438, 205, 72, '2016-01-25 14:19:20'),
(439, 205, 72, '2016-01-25 14:21:46'),
(441, 205, 72, '2016-01-25 14:24:26'),
(442, 205, 72, '2016-01-25 15:45:22'),
(443, 208, 55, '2016-01-25 15:48:40'),
(444, 208, 55, '2016-01-25 15:51:49'),
(445, 208, 55, '2016-01-25 15:57:07'),
(446, 208, 55, '2016-01-25 16:01:32'),
(447, 208, 55, '2016-01-25 20:28:05'),
(448, 205, 72, '2016-01-25 21:21:19'),
(449, 211, 4, '2016-01-26 15:59:22'),
(450, 211, 4, '2016-01-26 16:00:54'),
(451, 213, 4, '2016-01-26 16:13:00'),
(452, 210, 4, '2016-01-26 16:18:39'),
(453, 214, 4, '2016-01-26 16:18:42'),
(454, 212, 4, '2016-01-26 16:18:49'),
(455, 213, 4, '2016-01-26 16:18:52'),
(456, 214, 4, '2016-01-26 16:21:17'),
(457, 213, 4, '2016-01-26 16:21:28'),
(458, 212, 4, '2016-01-26 16:21:59'),
(459, 214, 4, '2016-01-26 16:22:59'),
(460, 216, 4, '2016-01-26 16:24:48'),
(461, 215, 4, '2016-01-26 16:24:54'),
(462, 214, 4, '2016-01-26 16:25:00'),
(463, 217, 4, '2016-01-26 16:27:09'),
(464, 217, 4, '2016-01-26 16:33:27'),
(465, 213, 4, '2016-01-26 16:35:27'),
(466, 217, 4, '2016-01-26 19:30:03'),
(467, 218, 4, '2016-01-27 14:04:29'),
(468, 215, 4, '2016-01-27 14:04:41'),
(469, 220, 55, '2016-01-27 14:51:00'),
(470, 222, 55, '2016-01-27 15:00:28'),
(471, 224, 55, '2016-01-27 15:36:09'),
(472, 223, 55, '2016-01-27 15:36:29'),
(473, 222, 55, '2016-01-27 15:36:33'),
(474, 224, 55, '2016-01-27 15:39:28'),
(475, 224, 55, '2016-01-27 15:44:05'),
(476, 224, 55, '2016-01-27 15:45:50'),
(477, 224, 55, '2016-01-27 15:48:01'),
(478, 224, 55, '2016-01-27 15:52:02'),
(479, 222, 55, '2016-01-27 17:29:09'),
(480, 224, 55, '2016-01-27 17:30:07'),
(483, 218, 4, '2016-01-27 18:53:09'),
(484, 224, 55, '2016-01-27 18:55:23'),
(485, 218, 4, '2016-01-27 18:56:13'),
(486, 229, 4, '2016-01-27 19:01:25'),
(487, 225, 55, '2016-01-27 20:50:48'),
(488, 229, 4, '2016-01-27 21:00:18'),
(489, 229, 4, '2016-01-27 21:03:33'),
(490, 225, 55, '2016-01-27 21:03:42'),
(491, 228, 4, '2016-01-27 21:03:48'),
(492, 225, 55, '2016-01-27 21:06:28'),
(493, 229, 4, '2016-01-27 21:07:07'),
(494, 228, 4, '2016-01-27 21:11:03'),
(495, 224, 55, '2016-01-27 21:11:09'),
(497, 229, 4, '2016-01-27 21:29:50'),
(498, 228, 4, '2016-01-27 23:28:57'),
(499, 224, 55, '2016-01-27 23:29:14'),
(500, 229, 4, '2016-01-27 23:29:27'),
(501, 229, 4, '2016-01-27 23:44:25'),
(502, 1, 34, '2016-01-28 13:41:57'),
(503, 231, 4, '2016-01-28 13:43:31'),
(504, 233, 4, '2016-01-28 18:03:22'),
(505, 233, 4, '2016-01-28 18:08:36'),
(506, 233, 4, '2016-01-28 18:10:18');

-- --------------------------------------------------------

--
-- Table structure for table `tbl_share`
--

CREATE TABLE IF NOT EXISTS `tbl_share` (
  `id` int(11) NOT NULL AUTO_INCREMENT,
  `feed_id` int(11) NOT NULL,
  `user_id` int(11) NOT NULL,
  `created` datetime NOT NULL,
  PRIMARY KEY (`id`)
) ENGINE=MyISAM  DEFAULT CHARSET=latin1 AUTO_INCREMENT=29 ;

--
-- Dumping data for table `tbl_share`
--

INSERT INTO `tbl_share` (`id`, `feed_id`, `user_id`, `created`) VALUES
(1, 33, 23, '2016-01-07 19:16:21'),
(2, 36, 23, '2016-01-07 19:38:28'),
(3, 1, 23, '2016-01-08 11:00:00'),
(4, 2, 23, '2016-01-08 11:00:00'),
(5, 40, 20, '2016-01-09 08:56:13'),
(6, 42, 55, '2016-01-11 15:04:43'),
(13, 115, 55, '2016-01-15 15:05:25'),
(8, 70, 55, '2016-01-11 20:53:53'),
(9, 45, 55, '2016-01-11 21:03:36'),
(10, 61, 55, '2016-01-11 21:18:23'),
(15, 95, 55, '2016-01-15 17:11:12'),
(14, 113, 55, '2016-01-15 17:10:29'),
(16, 116, 24, '2016-01-15 17:31:04'),
(17, 121, 24, '2016-01-15 17:57:32'),
(18, 133, 72, '2016-01-15 20:25:45'),
(19, 139, 24, '2016-01-15 22:08:34'),
(20, 165, 24, '2016-01-21 09:16:59'),
(21, 167, 72, '2016-01-21 15:40:37'),
(22, 167, 55, '2016-01-21 15:43:02'),
(23, 192, 72, '2016-01-22 21:32:49'),
(24, 193, 4, '2016-01-22 23:52:41'),
(25, 199, 4, '2016-01-23 10:02:37'),
(26, 220, 55, '2016-01-27 14:51:03'),
(27, 222, 55, '2016-01-27 17:29:27'),
(28, 225, 55, '2016-01-27 21:03:55');

-- --------------------------------------------------------

--
-- Table structure for table `tbl_users`
--

CREATE TABLE IF NOT EXISTS `tbl_users` (
  `user_id` int(11) NOT NULL AUTO_INCREMENT,
  `user_name` varchar(55) NOT NULL,
  `user_fname` varchar(45) NOT NULL,
  `user_lname` varchar(45) NOT NULL,
  `user_email` varchar(45) NOT NULL,
  `user_password` varchar(45) NOT NULL,
  `user_type` int(11) NOT NULL COMMENT '1= admin,0=user',
  `user_gender` varchar(55) NOT NULL,
  `user_DOB` varchar(45) NOT NULL,
  `user_age` varchar(3) NOT NULL DEFAULT '0',
  `user_contactno` varchar(15) NOT NULL,
  `user_country` varchar(45) NOT NULL,
  `user_zipCode` varchar(10) NOT NULL,
  `user_state` varchar(45) NOT NULL,
  `user_city` varchar(45) NOT NULL,
  `user_address` text NOT NULL,
  `user_location` varchar(100) NOT NULL COMMENT 'In Terms of Lat, Long',
  `user_latitude` float(10,4) NOT NULL,
  `user_longitude` float(10,4) NOT NULL,
  `user_accessToken` varchar(255) NOT NULL,
  `user_status` enum('0','1') DEFAULT '1' COMMENT '0: Inactive1: Active',
  `user_loginType` varchar(55) NOT NULL,
  `user_social_id` varchar(55) NOT NULL,
  `user_dateCreated` varchar(55) NOT NULL,
  PRIMARY KEY (`user_id`),
  UNIQUE KEY `user_dateCreated_UNIQUE` (`user_dateCreated`)
) ENGINE=InnoDB  DEFAULT CHARSET=utf8 AUTO_INCREMENT=79 ;

--
-- Dumping data for table `tbl_users`
--

INSERT INTO `tbl_users` (`user_id`, `user_name`, `user_fname`, `user_lname`, `user_email`, `user_password`, `user_type`, `user_gender`, `user_DOB`, `user_age`, `user_contactno`, `user_country`, `user_zipCode`, `user_state`, `user_city`, `user_address`, `user_location`, `user_latitude`, `user_longitude`, `user_accessToken`, `user_status`, `user_loginType`, `user_social_id`, `user_dateCreated`) VALUES
(1, 'Er Amrit', 'Er', 'Amrit', 'er.amrit13@gmail.com', '', 0, 'male', '', '0', '', '', '', '', '', '', '', 0.0000, 0.0000, '7b8e66ff4bad1aa9efb6ca90e588e4db', '1', 'facebook', '994613123922505', '2015-11-30 06:56:59'),
(2, 'rajeev1 jhaj', 'rajeev1', 'jhaj', 'gg@gg.com', '', 0, 'male', '', '0', '', '', '', '', '', '', '', 0.0000, 0.0000, '6817c8fc2b73da12ece004e8e6baf406', '1', 'facebook', '54656456546', '2015-11-30 09:07:49'),
(4, 'Feedbook ', 'Feedbook', '', 'app24hk@gmail.com', '', 0, 'male', '', '0', '', '', '', '', '', '', '', 0.0000, 0.0000, '023e44f94bc836910a83a4b47b5ca171', '1', 'facebook', '156598058029378', '2015-12-07 15:41:44'),
(5, 'Afzal Hussain', 'Afzal', 'Hussain', 'hussainafzal60@yahoo.in', '', 0, 'male', '', '0', '', '', '', '', '', '', '', 0.0000, 0.0000, '1b62806c25a4125add7df68936dbaf5c', '1', 'facebook', '948353135241818', '2015-12-09 13:53:41'),
(6, 'taniya', 'taniya', '', 'taniya@trigma.co.in', 'e10adc3949ba59abbe56e057f20f883e', 1, 'male', '', '0', '', '', '', '', '', '', '', 0.0000, 0.0000, 'bd257b48026d501213d03724c41007e0', '1', 'facebook', '156598058028907', '2015-12-11 10:09:50'),
(7, 'Er Amrit', 'Er', 'Amrit', 'er.amrit1@gmail.com', '', 0, 'male', '', '0', '', '', '', '', '', '', '', 0.0000, 0.0000, '7f79574658fbe02ddf8549c14fa5355e', '1', 'facebook', '1004954382888379', '2015-12-11 10:32:53'),
(8, 'Abhishek Kanwar', 'Abhishek', 'Kanwar', 'operation@trigma.net', '', 0, 'male', '', '0', '', '', '', '', '', '', '', 0.0000, 0.0000, 'e9eec8daa23328ff03c4fc4a2c8e57aa', '1', 'facebook', '1708514102716457', '2015-12-14 05:35:41'),
(20, 'Feedbook ', 'Feedbook', '', 'app24tester@gmail.com', '', 0, 'female', '', '0', '', '', '', '', '', '', '', 0.0000, 0.0000, '149baa0735f9b26750ce0dab989899b7', '1', 'facebook', '139046459799249', '2015-12-22 11:05:23'),
(21, 'John Panditberg', 'John', 'Panditberg', 'vcvomxf_panditberg_1450856212@tfbnw.net', '', 0, 'male', '', '0', '', '', '', '', '', '', '', 0.0000, 0.0000, '5800fe6cee6a43fa0944697f63fa2333', '1', 'facebook', '122623014777337', '2015-12-23 15:41:44'),
(22, 'Susan Panditwitz', 'Susan', 'Panditwitz', 'syngekh_panditwitz_1450869578@tfbnw.net', '', 0, 'female', '', '0', '', '', '', '', '', '', '', 0.0000, 0.0000, '325b9dff62fb1841f00d76c72e33eaa7', '1', 'facebook', '105405226502110', '2015-12-23 19:22:06'),
(23, 'Richard Martinazzisen', 'Richard', 'Martinazzisen', 'kodevyn_martinazzisen_1450942257@tfbnw.net', '', 0, 'male', '', '0', '', '', '', '', '', '', '', 0.0000, 0.0000, 'd7cddd36a91fde823e45d23ef3bff7c3', '1', 'facebook', '119410621766242', '2015-12-24 15:52:17'),
(24, 'Bill Smithberg', 'Bill', 'Smithberg', 'ukuogpy_smithberg_1451395100@tfbnw.net', '', 0, 'male', '', '0', '', '', '', '', '', '', '', 0.0000, 0.0000, '3e8f6ebb7d86a0020022427d7838693d', '1', 'facebook', '126013304439874', '2015-12-29 21:21:59'),
(25, 'Stu Pickle', 'Stu', 'Pickle', 'swmyyegbkt_1426605864@tfbnw.net', '', 0, 'male', '', '0', '', '', '', '', '', '', '', 0.0000, 0.0000, 'b958f855323d878ae43110d6d8fad2dc', '1', 'facebook', '10149999284646095', '2016-01-06 04:54:15'),
(26, 'Afzal Hussain', 'Afzal', 'Hussain', 'hussainafzal60@yahoo.in', '', 0, 'male', '', '0', '', '', '', '', '', '', '', 0.0000, 0.0000, 'afe5f74ec50fd00c35a95f9f39c57b1d', '1', 'facebook', '962020547208410', '2016-01-06 14:53:32'),
(34, 'Trigma Trig', 'Trigma', 'Trig', 'trigma1111@gmail.com', '', 0, 'female', '', '0', '', '', '', '', '', '', '', 0.0000, 0.0000, '247086d252f08e6b1894ad7e4f1bbb5f', '1', 'facebook', '172173959809953', '2016-01-06 17:50:58'),
(55, 'Karen Okelolaman', 'Karen', 'Okelolaman', 'eqmnlln_okelolaman_1452492979@tfbnw.net', '', 0, 'female', '', '0', '', '', '', '', '', '', '', 0.0000, 0.0000, '9fd47f439d49d0837b24fe050cf928ab', '1', 'facebook', '104032449977943', '2016-01-11 14:20:01'),
(60, 's gf', 's', 'gf', 'q@gmail.com', 'd41d8cd98f00b204e9800998ecf8427e', 0, 'male', '', '0', '', '', '', '', '', '', '', 0.0000, 0.0000, '', '1', '', '', '2016-01-14 17:17:52'),
(69, 'raymond yip', 'raymond', 'yip', 'raymond@email.com', 'd41d8cd98f00b204e9800998ecf8427e', 0, 'male', '', '0', '', '', '', '', '', '', '', 0.0000, 0.0000, '', '1', '', '', '2016-01-15 00:07:42'),
(70, 'Sharanjeet Kaur', 'Sharanjeet', 'Kaur', 'sharanjeetkaur383@gmail.com', '', 0, 'female', '', '0', '', '', '', '', '', '', '', 0.0000, 0.0000, '21fea40c7e88e612d3898f7049a1f6be', '1', 'facebook', '1626135494313642', '2016-01-15 18:27:21'),
(71, 'Bill Sadanberg', 'Bill', 'Sadanberg', 'qdkhicn_sadanberg_1452857179@tfbnw.net', '', 0, 'male', '', '0', '', '', '', '', '', '', '', 0.0000, 0.0000, 'a55d6aa88e757a7682a6117dce5617b3', '1', 'facebook', '128758090836239', '2016-01-15 19:31:06'),
(72, 'Lisa Laverdetescu', 'Lisa', 'Laverdetescu', 'syipwem_laverdetescu_1452860249@tfbnw.net', '', 0, 'female', '', '0', '', '', '', '', '', '', '', 0.0000, 0.0000, '3d05d90876538fd1944ea2dc7aea0922', '1', 'facebook', '102483076800853', '2016-01-15 20:20:31'),
(76, 'fgh dfg', 'fgh', 'dfg', 'dfgg@dfgdf.xdf', '827ccb0eea8a706c4c34a16891f84e7b', 0, 'male', '', '0', '', '', '', '', '', '', '', 0.0000, 0.0000, '', '1', '', '', '2016-01-20 17:35:13'),
(77, 'Laxman Django', 'Laxman', 'Django', 'laxmansingh1088@gmail.com', '', 0, 'male', '', '0', '', '', '', '', '', '', '', 0.0000, 0.0000, 'b3e1b1a64fbc1b5805124c3feb03ccd5', '1', 'facebook', '1242182722464345', '2016-01-21 21:02:52'),
(78, 'Kelly Chan', 'Kelly', 'Chan', 'derekelly0102@gmail.com', '', 0, 'female', '', '0', '', '', '', '', '', '', '', 0.0000, 0.0000, '7a02a88f76e465f611937e84d12aaccc', '1', 'facebook', '102627986788123', '2016-01-21 23:43:51');

/*!40101 SET CHARACTER_SET_CLIENT=@OLD_CHARACTER_SET_CLIENT */;
/*!40101 SET CHARACTER_SET_RESULTS=@OLD_CHARACTER_SET_RESULTS */;
/*!40101 SET COLLATION_CONNECTION=@OLD_COLLATION_CONNECTION */;
